2714 0,5022776
2715 0,261752
2716 0,08610834
2717 0,008921217
2718 0,5239466
2719 0,4135451
2720 0,2185022
2721 0,2889513
2722 0,1270674
2723 0,4915868
2724 0,4909112
2725 0,3890776
2726 0,315921
2727 0,3267506
2728 0,225988
2729 0,3323667
2730 0,4277952
2731 0,3163704
2732 0,2786065
2733 0,3974986
2734 0,4378548
2735 0,4028925
2736 0,2695133
2737 0,2160282
2738 0,2399458
2739 0,2821974
2740 0,3564731
2741 0,358634
2742 0,361656
2743 0,362196
2744 0,3160767
2745 0,3801986
2746 0,3845728
2747 0,4020847
2748 0,3777189
2749 0,3365405
2750 0,270645
2751 0,2682249
2752 0,308188
2753 0,406287
2754 0,2999054
2755 0,321653
2756 0,3627471
2757 0,3248106
2758 0,3913868
2759 0,4415666
2760 0,371463
2761 0,3159865
2762 0,4432915
2763 0,3621332
2764 0,3187003
2765 0,3610831
2766 0,3542922
2767 0,2768381
2768 0,338374
2769 0,2886637
2770 0,3757817
2771 0,3237368
2772 0,2829247
2773 0,2394801
2774 0,3027144
2775 0,3504691
2776 0,3490699
2777 0,3475955
2778 0,3659935
2779 0,3242776
2780 0,3433045
2781 0,4017948
2782 0,4511315
2783 0,3488905
2784 0,3216227
2785 0,3557292
2786 0,3637757
2787 0,2975524
2788 0,3688377
2789 0,3544746
2790 0,2781687
2791 0,2980584
2792 0,3433196
2793 0,3794956
2794 0,2955356
2795 0,2658441
2796 0,3562455
2797 0,3895454
2798 0,3440389
2799 0,3050879
2800 0,304605
2801 0,3248189
2802 0,2764959
2803 0,3028154
2804 0,3453848
2805 0,3466706
2806 0,3274916
2807 0,390124
2808 0,3742821
2809 0,3338773
2810 0,3613501
2811 0,2889709
2812 0,3532685
2813 0,3443929
2814 0,3549128
2815 0,2922163
2816 0,2398327
2817 0,3233777
2818 0,3437585
2819 0,3613877
2820 0,313542
2821 0,3553548
2822 0,4217538
2823 0,3812344
2824 0,4049745
2825 0,4140032
2826 0,4508161
2827 0,4232717
2828 0,4111011
2829 0,4510293
2830 0,4139387
2831 0,413975
2832 0,4283116
2833 0,3908544
2834 0,3871522
2835 0,2928361
2836 0,2885859
2837 0,2944256
2838 0,3444522
2839 0,4028244
2840 0,3772482
2841 0,3749938
2842 0,3349549
2843 0,3027962
2844 0,3675315
2845 0,3809708
2846 0,3000845
2847 0,309557
2848 0,3575387
2849 0,291569
2850 0,3429547
2851 0,3763804
2852 0,396803
2853 0,3969673
2854 0,4482064
2855 0,3892326
2856 0,3401612
2857 0,3804356
2858 0,3806912
2859 0,3502367
2860 0,3405708
2861 0,3768341
2862 0,4177267
2863 0,4206372
2864 0,3791863
2865 0,4004189
2866 0,3911836
2867 0,3853192
2868 0,3648533
2869 0,3583764
2870 0,3971957
2871 0,4092605
2872 0,4175749
2873 0,44683
2874 0,4538871
2875 0,4283714
2876 0,4252188
2877 0,2756666
2878 0,3383053
2879 0,3074352
2880 0,3206024
2881 0,3459799
2882 0,3926203
2883 0,4621057
2884 0,4641422
2885 0,4035374
2886 0,392435
2887 0,4274913
2888 0,3939519
2889 0,3724539
2890 0,3399937
2891 0,3599455
2892 0,4013816
2893 0,4264586
2894 0,3704726
2895 0,3746094
2896 0,3193116
2897 0,3812028
2898 0,3503516
2899 0,3580417
2900 0,4089935
2901 0,3972792
2902 0,334974
2903 0,3644566
2904 0,3173905
2905 0,3322471
2906 0,3475013
2907 0,320342
2908 0,3164562
2909 0,3486783
2910 0,3958826
2911 0,4170478
2912 0,4095698
2913 0,3655222
2914 0,4020481
2915 0,3783467
2916 0,3770112
2917 0,3362119
2918 0,3500374
2919 0,3838277
2920 0,3886584
2921 0,3948411
2922 0,3501538
2923 0,417832
2924 0,4202313
2925 0,3855065
2926 0,3706692
2927 0,3642886
2928 0,3725889
2929 0,2985291
2930 0,3267993
2931 0,3530707
2932 0,3936188
2933 0,4286429
2934 0,3704615
2935 0,3936394
2936 0,3816503
2937 0,3562457
2938 0,3349473
2939 0,3035286
2940 0,3511183
2941 0,3763738
2942 0,3473498
2943 0,3579652
2944 0,3867866
2945 0,3644425
2946 0,3789751
2947 0,2927524
2948 0,343181
2949 0,3262919
2950 0,3125955
2951 0,3527651
2952 0,3486926
2953 0,3685923
2954 0,3359287
2955 0,3396011
2956 0,3280415
2957 0,2806224
2958 0,3297924
2959 0,3526397
2960 0,3868491
2961 0,3687463
2962 0,3848641
2963 0,4464572
2964 0,3861482
2965 0,3820443
2966 0,3972606
2967 0,3642874
2968 0,3927573
2969 0,3945774
2970 0,3688134
2971 0,3658321
2972 0,3549732
2973 0,3633945
2974 0,3341696
2975 0,3841163
2976 0,3076824
2977 0,3572094
2978 0,3919359
2979 0,3652025
2980 0,2831802
2981 0,2661961
2982 0,2722757
2983 0,2942857
2984 0,3354275
2985 0,3123256
2986 0,2503976
2987 0,3173612
2988 0,327752
2989 0,3649889
2990 0,3286834
2991 0,3676711
2992 0,3340331
2993 0,3700607
2994 0,419018
2995 0,4495533
2996 0,4117889
2997 0,3867485
2998 0,3709949
2999 0,3299658
3000 0,3943333
3001 0,4471187
3002 0,4475542
3003 0,3939286
3004 0,3623365
3005 0,3766005
3006 0,3111828
3007 0,2831781
3008 0,3109117
3009 0,2872413
3010 0,3495343
3011 0,3214963
3012 0,2775876
3013 0,2342954
3014 0,2877314
3015 0,3195777
3016 0,2666451
3017 0,3384457
3018 0,358627
3019 0,3987972
3020 0,3897123
3021 0,4195677
3022 0,4122225
3023 0,4680253
3024 0,431575
3025 0,441639
3026 0,4520391
3027 0,4651224
3028 0,5024604
3029 0,4459187
3030 0,3911851
3031 0,358322
3032 0,3542244
3033 0,2953586
3034 0,2699496
3035 0,2811496
3036 0,2730101
3037 0,2499497
3038 0,265819
3039 0,2063591
3040 0,2497343
3041 0,2838394
3042 0,2897966
3043 0,3012117
3044 0,2780204
3045 0,2741229
3046 0,2755717
3047 0,3732042
3048 0,3869951
3049 0,397611
3050 0,4171247
3051 0,4624514
3052 0,4640793
3053 0,454812
3054 0,5309674
3055 0,4712541
3056 0,4086611
3057 0,4279986
3058 0,4338884
3059 0,3368198
3060 0,2775144
3061 0,3425341
3062 0,3527856
3063 0,3185036
3064 0,30864
3065 0,2573726
3066 0,1961413
3067 0,2216631
3068 0,2210635
3069 0,2019295
3070 0,2277611
3071 0,2471873
3072 0,2003345
3073 0,2843485
3074 0,3329704
3075 0,3877309
3076 0,4396221
3077 0,498732
3078 0,5067725
3079 0,4402631
3080 0,4961767
3081 0,4713186
3082 0,5311076
3083 0,5243673
3084 0,4644905
3085 0,4769656
3086 0,4579184
3087 0,364469
3088 0,3748464
3089 0,3529232
3090 0,342726
3091 0,2977041
3092 0,300489
3093 0,2841318
3094 0,2513123
3095 0,2043919
3096 0,1923411
3097 0,2452706
3098 0,2098227
3099 0,2553901
3100 0,2870065
3101 0,2994627
3102 0,3785345
3103 0,4064525
3104 0,4099929
3105 0,4601742
3106 0,4354091
3107 0,5159371
3108 0,4855144
3109 0,4864225
3110 0,4717711
3111 0,4704544
3112 0,4251617
3113 0,4341346
3114 0,4164468
3115 0,338605
3116 0,3129854
3117 0,307392
3118 0,2677879
3119 0,2008733
3120 0,2028785
3121 0,1703721
3122 0,1925104
3123 0,216458
3124 0,2146757
3125 0,2077794
3126 0,2602628
3127 0,2424841
3128 0,3114021
3129 0,3313065
3130 0,4211277
3131 0,3916059
3132 0,3990758
3133 0,3436298
3134 0,3807208
3135 0,408968
3136 0,4552612
3137 0,4885426
3138 0,441846
3139 0,4536215
3140 0,4455691
3141 0,4390901
3142 0,3915581
3143 0,3297811
3144 0,3041344
3145 0,2618747
3146 0,2534233
3147 0,2509663
3148 0,2850101
3149 0,2789474
3150 0,2777831
3151 0,2416819
3152 0,2533285
3153 0,3403151
3154 0,2739537
3155 0,2998606
3156 0,3379705
3157 0,3544626
3158 0,3459942
3159 0,3208395
3160 0,3550963
3161 0,3548495
3162 0,385422
3163 0,4183603
3164 0,4121032
3165 0,3880414
3166 0,381408
3167 0,3594048
3168 0,3696021
3169 0,3763186
3170 0,4021074
3171 0,3527034
3172 0,3204892
3173 0,3434332
3174 0,2964536
3175 0,2523718
3176 0,2489686
3177 0,2569123
3178 0,2584759
3179 0,3152346
3180 0,2669687
3181 0,3062555
3182 0,4250694
3183 0,3922067
3184 0,370597
3185 0,4213767
3186 0,4137929
3187 0,3859013
3188 0,3461361
3189 0,3491525
3190 0,3739751
3191 0,3885262
3192 0,4325426
3193 0,3668237
3194 0,3629862
3195 0,3705394
3196 0,3556525
3197 0,3679496
3198 0,3741172
3199 0,3383296
3200 0,352963
3201 0,3445681
3202 0,319084
3203 0,3099515
3204 0,2963153
3205 0,310822
3206 0,3621102
3207 0,3792054
3208 0,382427
3209 0,3906763
3210 0,3313704
3211 0,3568546
3212 0,3864674
3213 0,3991916
3214 0,4190449
3215 0,4207564
3216 0,4463431
3217 0,394848
3218 0,3723446
3219 0,3273619
3220 0,3605874
3221 0,3687277
3222 0,3729249
3223 0,3278132
3224 0,3809971
3225 0,3485117
3226 0,3304075
3227 0,3427092
3228 0,2872217
3229 0,2463054
3230 0,3270357
3231 0,3620279
3232 0,3917642
3233 0,3518658
3234 0,3628356
3235 0,3669764
3236 0,3294528
3237 0,3583246
3238 0,3662111
3239 0,3691697
3240 0,3751863
3241 0,3709718
3242 0,3754969
3243 0,3749535
3244 0,3137496
3245 0,3633474
3246 0,3474269
3247 0,3668154
3248 0,3717075
3249 0,3706645
3250 0,3564403
3251 0,3473856
3252 0,3511655
3253 0,328055
3254 0,3119995
3255 0,3066203
3256 0,2974919
3257 0,4112538
3258 0,3795979
3259 0,3599675
3260 0,3646102
3261 0,3346571
3262 0,3859547
3263 0,4373584
3264 0,3935997
3265 0,3563772
3266 0,4271778
3267 0,4192141
3268 0,4199418
3269 0,3739652
3270 0,3809826
3271 0,3959396
3272 0,3948193
3273 0,3682749
3274 0,3671685
3275 0,3795478
3276 0,3674632
3277 0,3618901
3278 0,3646038
3279 0,4199266
3280 0,4108416
3281 0,3649644
3282 0,3786206
3283 0,3863162
3284 0,3924027
3285 0,3627672
3286 0,3934175
3287 0,3772519
3288 0,343859
3289 0,3684062
3290 0,4364919
3291 0,3673352
3292 0,3699737
3293 0,3675615
3294 0,335772
3295 0,3771152
3296 0,3499588
3297 0,3566021
3298 0,4161061
3299 0,3878597
3300 0,3652585
3301 0,387964
3302 0,4048069
3303 0,36477
3304 0,372144
3305 0,4109979
3306 0,3954013
3307 0,3943839
3308 0,3712506
3309 0,2984339
3310 0,3312862
3311 0,3586617
3312 0,3667626
3313 0,3218811
3314 0,3516582
3315 0,3167089
3316 0,3191651
3317 0,3353939
3318 0,3911396
3319 0,3898476
3320 0,3696064
3321 0,3571804
3322 0,3535865
3323 0,390783
3324 0,3665023
3325 0,3828847
3326 0,3946142
3327 0,3550975
3328 0,327657
3329 0,3360181
3330 0,351761
3331 0,3843746
3332 0,3900994
3333 0,3960204
3334 0,3896732
3335 0,396188
3336 0,3602466
3337 0,3469888
3338 0,3811564
3339 0,3881273
3340 0,3644651
3341 0,3682657
3342 0,3734571
3343 0,3617804
3344 0,3512713
3345 0,3123134
3346 0,3577095
3347 0,3677527
3348 0,3841656
3349 0,3775233
3350 0,3609396
3351 0,4079875
3352 0,3878518
3353 0,3390855
3354 0,3408711
3355 0,3739192
3356 0,3745138
3357 0,3956773
3358 0,3630682
3359 0,3269486
3360 0,3099945
3361 0,3917464
3362 0,3934536
3363 0,3648907
3364 0,3517187
3365 0,3700259
3366 0,4076308
3367 0,4328718
3368 0,3781106
3369 0,3472919
3370 0,3781156
3371 0,4154241
3372 0,3428374
3373 0,353328
3374 0,3838008
3375 0,4219534
3376 0,4078669
3377 0,3994957
3378 0,3853498
3379 0,4157256
3380 0,4512299
3381 0,3668317
3382 0,3841356
3383 0,4095763
3384 0,4219334
3385 0,4075944
3386 0,3658083
3387 0,3413849
3388 0,3788738
3389 0,3989449
3390 0,4542033
3391 0,4422321
3392 0,3770193
3393 0,414947
3394 0,4113913
3395 0,4146929
3396 0,4054596
3397 0,4044316
3398 0,3699682
3399 0,3700124
3400 0,423291
3401 0,4082878
3402 0,3753061
3403 0,3732023
3404 0,3599258
3405 0,3410518
3406 0,3572048
3407 0,3824838
3408 0,4242558
3409 0,4606046
3410 0,3869079
3411 0,3441479
3412 0,3443995
3413 0,3209769
3414 0,3055891
3415 0,3338333
3416 0,3632378
3417 0,3888911
3418 0,4022007
3419 0,4099006
3420 0,3626761
3421 0,3321749
3422 0,3324073
3423 0,3329613
3424 0,3454663
3425 0,4229907
3426 0,3860361
3427 0,319405
3428 0,381036
3429 0,3989129
3430 0,3711623
3431 0,3153604
3432 0,3473565
3433 0,3297726
3434 0,3531392
3435 0,3949675
3436 0,3780648
3437 0,3244228
3438 0,4322465
3439 0,3975018
3440 0,3326181
3441 0,33191
3442 0,3682702
3443 0,3568359
3444 0,3856417
3445 0,3786281
3446 0,3675591
3447 0,3714459
3448 0,3889566
3449 0,3836955
3450 0,3673249
3451 0,3915035
3452 0,3838971
3453 0,3724783
3454 0,3660219
3455 0,3257574
3456 0,3048728
3457 0,3297434
3458 0,3616908
3459 0,3363832
3460 0,2873021
3461 0,3318468
3462 0,367079
3463 0,3483406
3464 0,3744018
3465 0,3410811
3466 0,3982144
3467 0,4159012
3468 0,3853472
3469 0,3863146
3470 0,3618689
3471 0,3962342
3472 0,374767
3473 0,3404156
3474 0,2705105
3475 0,3092321
3476 0,3531062
3477 0,3929241
3478 0,3847215
3479 0,3771986
3480 0,3085552
3481 0,3190875
3482 0,3473345
3483 0,3964573
3484 0,327882
3485 0,3686646
3486 0,4280446
3487 0,3914697
3488 0,3881131
3489 0,4119844
3490 0,3582165
3491 0,3196543
3492 0,3325528
3493 0,3697335
3494 0,3548396
3495 0,3702504
3496 0,4269463
3497 0,3734622
3498 0,4105244
3499 0,3966896
3500 0,3824108
3501 0,3703656
3502 0,3567415
3503 0,3812145
3504 0,3509656
3505 0,3844153
3506 0,3421168
3507 0,3720445
3508 0,3894544
3509 0,3702869
3510 0,3507095
3511 0,2819396
3512 0,3408431
3513 0,3762854
3514 0,3804602
3515 0,4130803
3516 0,3775288
3517 0,3604362
3518 0,3482889
3519 0,3711043
3520 0,3479014
3521 0,3758477
3522 0,399456
3523 0,3867983
3524 0,3897438
3525 0,3977824
3526 0,386848
3527 0,3571144
3528 0,3952142
3529 0,3723777
3530 0,3145023
3531 0,3715633
3532 0,3993991
3533 0,3352325
3534 0,3129038
3535 0,3720546
3536 0,33668
3537 0,3208287
3538 0,3470389
3539 0,3383562
3540 0,3503394
3541 0,3203609
3542 0,2890975
3543 0,3516204
3544 0,3083236
3545 0,2894459
3546 0,2879605
3547 0,358859
3548 0,3142305
3549 0,297146
3550 0,3458366
3551 0,3225534
3552 0,3016138
3553 0,3492353
3554 0,3947188
3555 0,3376829
3556 0,3165526
3557 0,3282366
3558 0,303808
3559 0,3360041
3560 0,3523341
3561 0,3009151
3562 0,2867849
3563 0,2932448
3564 0,3521029
3565 0,3071711
3566 0,3276891
3567 0,2729135
3568 0,3270449
3569 0,4272343
3570 0,4541066
3571 0,4016442
3572 0,3292467
3573 0,3446252
3574 0,4071485
3575 0,389261
3576 0,3758352
3577 0,3260475
3578 0,3337587
3579 0,3878824
3580 0,3747465
3581 0,4030603
3582 0,3477789
3583 0,2961882
3584 0,2809543
3585 0,3335963
3586 0,3096481
3587 0,3681545
3588 0,3032005
3589 0,3589311
3590 0,3089616
3591 0,2579428
3592 0,2914373
3593 0,323144
3594 0,3555574
3595 0,3166079
3596 0,3034595
3597 0,3553062
3598 0,3091575
3599 0,2479502
3600 0,278602
3601 0,2224524
3602 0,2653721
3603 0,3314644
3604 0,3421598
3605 0,3247763
3606 0,3462626
3607 0,3178065
3608 0,3111516
3609 0,2673991
3610 0,2919086
3611 0,2927794
3612 0,318454
3613 0,3663031
3614 0,4017947
3615 0,3275301
3616 0,3234118
3617 0,355266
3618 0,2729378
3619 0,2588793
3620 0,1758648
3621 0,249617
3622 0,3300739
3623 0,3646217
3624 0,340211
3625 0,3443231
3626 0,3695035
3627 0,3397338
3628 0,3001701
3629 0,3627142
3630 0,4039928
3631 0,4352532
3632 0,3598652
3633 0,3315862
3634 0,327318
3635 0,3490833
3636 0,4192464
3637 0,476849
3638 0,4124339
3639 0,3868544
3640 0,3191364
3641 0,3484945
3642 0,3654195
3643 0,3103211
3644 0,4280957
3645 0,4230372
3646 0,3998119
3647 0,3159001
3648 0,3809654
3649 0,3392574
3650 0,3938959
3651 0,3840957
3652 0,3349878
3653 0,3253252
3654 0,3842275
3655 0,3504869
3656 0,2183404
3657 0,30756
3658 0,4505801
3659 0,4994633
3660 0,4635256
3661 0,3683208
3662 0,4077675
3663 0,2398994
3664 0,3712875
3665 0,3070823
3666 0,4288194
3667 0,3867449
3668 0,360509
3669 0,309277
3670 0,2849004
3671 0,2501904
3672 0,2468009
3673 0,3203774
3674 0,2298234
3675 0,3451219
3676 0,3800875
3677 0,3660571
3678 0,2729432
3679 0,1358456
3680 0,2148269
3681 0,3915369
3682 0,3314305
3683 0,4416175
3684 0,4406495
3685 0,2789512
3686 0,2086909
3687 0,2509534
3688 0,4162899
3689 0,4180636
3690 0,4669804
3691 0,3827716
3692 0,2048696
3693 0,1717417
3694 0,2727973
3695 0,1774755
3696 0,3389052
3697 0,313787
3698 0,2891111
3699 0,2435379
3700 0,4691608
3701 0,3147598
3702 0,3875489
3703 0,3438585
3704 0,381072
3705 0,1739212
3706 0,1886953
3707 0,3297182
3708 0,2650602
3709 0,4158969
3710 0,5103302
3711 0,3017019
3712 0,1919728
3713 0,5215055
3714 0,5627923
3715 0,3792356
3716 0,4043689
3717 0,4470527
3718 0,1094982
3719 0,0865132
3720 0,3844474
3721 0,8060968
3722 1,045159
